{"cameraMode":{"drawMode":0,"name":"Shaded","section":"Shading Mode"},"sceneLighting":false,"audioPlay":false,"sceneViewState":{"m_AlwaysRefresh":false,"showFog":true,"showSkybox":false,"showFlares":true,"showImageEffects":true,"showParticleSystems":true,"showVisualEffectGraphs":true,"m_FxEnabled":true},"in2DMode":false,"pivot":{"x":159.41183471679688,"y":0.7558913230895996,"z":57.01515197753906},"rotation":{"x":-0.02627876214683056,"y":0.9450521469116211,"z":-0.07843364775180817,"w":-0.31640002131462099},"size":2.1902081966400148,"orthographic":false}