{"cameraMode":{"drawMode":0,"name":"Shaded","section":"Shading Mode"},"sceneLighting":true,"audioPlay":false,"sceneViewState":{"m_AlwaysRefresh":false,"showFog":true,"showSkybox":false,"showFlares":true,"showImageEffects":true,"showParticleSystems":true,"showVisualEffectGraphs":true,"m_FxEnabled":true},"in2DMode":false,"pivot":{"x":1.1298091411590577,"y":0.12433460354804993,"z":0.14899075031280518},"rotation":{"x":-0.07165901362895966,"y":0.5235850811004639,"z":-0.044234421104192737,"w":-0.847830057144165},"size":1.5067956447601319,"orthographic":false}