{"cameraMode":{"drawMode":0,"name":"Shaded","section":"Shading Mode"},"sceneLighting":false,"audioPlay":false,"sceneViewState":{"m_AlwaysRefresh":false,"showFog":true,"showSkybox":false,"showFlares":true,"showImageEffects":true,"showParticleSystems":true,"showVisualEffectGraphs":true,"m_FxEnabled":true},"in2DMode":false,"pivot":{"x":0.0007226886227726936,"y":0.0010341713204979897,"z":0.004817957058548927},"rotation":{"x":0.12284952402114868,"y":0.676785409450531,"z":-0.11605615168809891,"w":0.7165588140487671},"size":0.005338549613952637,"orthographic":false}