{"cameraMode":{"drawMode":0,"name":"Shaded","section":"Shading Mode"},"sceneLighting":false,"audioPlay":false,"sceneViewState":{"m_AlwaysRefresh":false,"showFog":true,"showSkybox":false,"showFlares":true,"showImageEffects":true,"showParticleSystems":true,"showVisualEffectGraphs":true,"m_FxEnabled":true},"in2DMode":false,"pivot":{"x":13.708229064941407,"y":0.7813063859939575,"z":0.29212522506713869},"rotation":{"x":0.10173608362674713,"y":-0.7944996953010559,"z":0.13863950967788697,"w":0.5825114846229553},"size":4.087702751159668,"orthographic":false}