{"cameraMode":{"drawMode":0,"name":"Shaded","section":"Shading Mode"},"sceneLighting":true,"audioPlay":false,"sceneViewState":{"m_AlwaysRefresh":false,"showFog":true,"showSkybox":true,"showFlares":true,"showImageEffects":true,"showParticleSystems":true,"showVisualEffectGraphs":true,"m_FxEnabled":true},"in2DMode":false,"pivot":{"x":0.6714200973510742,"y":0.5672340393066406,"z":1.6224981546401978},"rotation":{"x":0.2535862624645233,"y":0.49185267090797427,"z":-0.1523597687482834,"w":0.8189589381217957},"size":3.3073947429656984,"orthographic":false}