{"cameraMode":{"drawMode":0,"name":"Shaded","section":"Shading Mode"},"sceneLighting":false,"audioPlay":false,"sceneViewState":{"m_AlwaysRefresh":false,"showFog":true,"showSkybox":false,"showFlares":true,"showImageEffects":true,"showParticleSystems":true,"showVisualEffectGraphs":true,"m_FxEnabled":true},"in2DMode":false,"pivot":{"x":0.41913461685180666,"y":0.35246169567108157,"z":-0.4313666820526123},"rotation":{"x":-0.1431109607219696,"y":-0.47308996319770815,"z":0.07819581776857376,"w":-0.8658068776130676},"size":2.700017213821411,"orthographic":false}